# Vassiliev, Feutelais, Sghaier, Legendre, J. Alloys Compd. 314 (2001) 198-205, doi:10.1016/S0925-8388(00)01243-3
# Table 6, p.202. Experimental EMF results for In-Sb-Sn (17 ternary alloys, nos. 8-24).
# Cell (III): (-) In(l) | In+ in LiCl-KCl eutectic (46.0 wt.% LiCl) | In_x Sb_y Sn_z(l) (+).
# Reference electrode is pure In (liquid at all cell temperatures, T >= 624 K).
# mu_In - mu_In(pure liq) = -1*F*E  (n = 1, In+ cation). E positive, so mu_In negative.
# E = a + b*T with E in mV and T in K. a_sd and b_sd are the printed +/- values (the paper does not say whether they are 1 sigma). b is given in mV/K (printed column is b x 10^{k}, already divided out here; printed value kept in b_printed). Table 6 prints b x 10^2.
# x_In is as printed in Table 6; x_Sb and x_Sn are taken from Table 1 (Table 6 does not print them).
# Ebar = mean EMF at Tbar. s0sq_x1e2 = residual variance x 10^2 in mV^2, as printed.
# Alloy 18 s0sq_x1e2 is printed '37' with no decimal; likely a typesetting loss, kept as printed.
# Alloys 13-16 (x_In < 0.12) are affected by side reactions (Section 3.1); paper excludes them from the Eq. 7/8 fits and brackets 14, 15 in Table 9.
alloy_no,x_In,x_Sb,x_Sn,a_mV,a_sd_mV,b_mV_per_K,b_sd_mV_per_K,b_printed_x1e2,b_sd_printed_x1e2,n_points,Tbar_K,Ebar_mV,s0sq_x1e2_mV2,sum_sq_dev_T_K2,Tmin_K,Tmax_K
14,0.0503,0.5,0.4497,2.67,2.7,0.32095,0.0038,32.095,0.38,16,702.2,228.5,0.03,8468,665,739
15,0.05,0.4749,0.4751,-1.91,2.4,0.31864,0.00347,31.864,0.347,15,694.8,219.48,0.02,6966,660,730
13,0.1002,0.5003,0.3996,36.4,2.6,0.23042,0.0035,23.042,0.35,30,742.8,207.56,0.12,42767,675,796
16,0.1112,0.4444,0.4444,32.69,1.5,0.2159,0.0021,21.59,0.21,36,728.7,190.02,0.08,78950,648,796
20,0.1401,0.5733,0.2866,59.04,0.5,0.18177,0.0006,18.177,0.06,37,766.4,197.9,0.43,42368,702,814
12,0.1666,0.5001,0.3333,51.3,0.5,0.16339,0.0007,16.339,0.07,39,745.9,173.17,1.00,76830,670,814
19,0.1999,0.6,0.2001,58.15,1.7,0.15216,0.0022,15.216,0.22,91,776.8,176.35,5.35,43396,715,821
21,0.2501,0.2505,0.4994,20.4,0.2,0.12762,0.0002,12.762,0.02,135,749.3,116.03,0.26,259330,640,822
10,0.2502,0.5,0.2498,51.88,1.2,0.12157,0.0015,12.157,0.15,96,767.3,145.17,5.89,101494,672,821
17,0.25,0.6268,0.1231,74.61,0.72,0.11711,0.0009,11.711,0.09,116,789.4,167.05,1.84,86711,719,835
9,0.2997,0.4008,0.2995,37.45,1.2,0.10782,0.0016,10.782,0.16,98,765.9,120.03,6.85,105491,672,821
8,0.3335,0.3334,0.3331,28.39,0.2,0.10171,0.0003,10.171,0.03,114,757.8,105.47,0.26,143603,659,822
11,0.3332,0.4991,0.1669,55.8,0.66,0.09344,0.0008,9.344,0.08,121,788.9,129.52,2.03,114696,698,835
23,0.4,0.4,0.2,36.72,0.42,0.08311,0.0005,8.311,0.05,76,766.0,100.39,0.46,62190,707,822
22,0.4001,0.2,0.3999,12.62,0.7,0.08276,0.0009,8.276,0.09,140,740.2,73.88,8.30,371110,632,821
24,0.4501,0.45,0.0999,43.3,0.35,0.07145,0.00045,7.145,0.045,74,780.1,99.04,0.18,34864,732,822
18,0.5,0.2501,0.2499,25.36,2.4,0.05622,0.0034,5.622,0.34,46,719.3,65.8,37,134562,624,796
