# DIGITIZED. Gerdes & Predel 1981, J. Less-Common Met. 79, 281-288, doi:10.1016/0022-5088(81)90077-1
# Fig. 1 (GaSb-Sn) and Fig. 2 (InSb-Sn), p. 283: experimental DTA symbols (open circles) only.
#   The solid (smoothed experimental), dashed (regular solution) and dash-dot (association model) curves were
#   NOT digitized as data. The authors state the eutectic is the only three-phase reaction in each section.
# arrest: 'liquidus' or 'eutectic' (halts on or just below the horizontal line at the foot of the diagram).
# Units: x_Sn atom fraction (same axis as Table 1); T_K read in kelvin (axis 'Temperatur in K'); T_C = T_K - 273.15.
#   x_Ga (or x_In) = x_Sb = (1 - x_Sn)/2; X_AB_formula = (1-x_Sn)/(1+x_Sn).
# Calibration: straight-line fit to the drawn gridlines in the 300 dpi scan (px, py = symbol centre).
#   Fig. 1: 78.3 px per 0.1 x_Sn, 1.564 px per K; gridline residual max 0.0010 in x, 0.60 K.
#   Fig. 2: 79.1 px per 0.1 x_Sn, 1.565 px per K; gridline residual max 0.0017 in x, 0.22 K.
# Uncertainty: 'high' about +/-1.5 K and +/-0.003 in x_Sn; 'medium' (symbol clipped or under a curve) +/-3 K, +/-0.006.
#   This is reading error only; the paper gives no experimental uncertainty and notes scatter from undercooling.
# Symbols at x_Sn = 1 are the pure-Sn halt (Sn m.p. 505.08 K) and check the temperature scale.
system,figure,arrest,x_Sn,T_K,T_C,x_Ga,x_In,x_Sb,x_Sn_atom,X_AB_formula,px,py,confidence,note
GaSb-Sn,Fig. 1,liquidus,0.0000,981.8,708.6,0.5000,0.0000,0.5000,0.0000,1.0000,302.5,721.0,medium,clipped by the left axis (pure GaSb); centre by hand
GaSb-Sn,Fig. 1,liquidus,0.0435,968.2,695.1,0.4782,0.0000,0.4782,0.0435,0.9166,337.6,742.2,high,
GaSb-Sn,Fig. 1,liquidus,0.0948,953.4,680.2,0.4526,0.0000,0.4526,0.0948,0.8269,377.7,765.4,high,
GaSb-Sn,Fig. 1,liquidus,0.1457,941.1,667.9,0.4271,0.0000,0.4271,0.1457,0.7456,417.6,784.7,high,
GaSb-Sn,Fig. 1,liquidus,0.1950,927.9,654.7,0.4025,0.0000,0.4025,0.1950,0.6736,456.2,805.3,high,
GaSb-Sn,Fig. 1,liquidus,0.2455,914.8,641.6,0.3772,0.0000,0.3772,0.2455,0.6058,495.7,825.8,high,
GaSb-Sn,Fig. 1,liquidus,0.2981,893.3,620.2,0.3509,0.0000,0.3509,0.2981,0.5407,536.9,859.3,high,
GaSb-Sn,Fig. 1,liquidus,0.4007,861.8,588.6,0.2996,0.0000,0.2996,0.4007,0.4278,617.2,908.7,high,
GaSb-Sn,Fig. 1,liquidus,0.4984,830.0,556.8,0.2508,0.0000,0.2508,0.4984,0.3347,693.7,958.4,high,
GaSb-Sn,Fig. 1,liquidus,0.6005,791.5,518.3,0.1997,0.0000,0.1997,0.6005,0.2496,773.6,1018.6,high,
GaSb-Sn,Fig. 1,liquidus,0.7007,747.2,474.1,0.1497,0.0000,0.1497,0.7007,0.1760,852.0,1087.8,high,
GaSb-Sn,Fig. 1,liquidus,0.8016,694.8,421.6,0.0992,0.0000,0.0992,0.8016,0.1101,931.0,1169.8,high,on the calculated curves
GaSb-Sn,Fig. 1,liquidus,0.8509,653.2,380.0,0.0745,0.0000,0.0745,0.8509,0.0806,969.6,1234.9,high,
GaSb-Sn,Fig. 1,liquidus,0.9006,622.1,348.9,0.0497,0.0000,0.0497,0.9006,0.0523,1008.5,1283.5,high,
GaSb-Sn,Fig. 1,eutectic,0.0209,510.3,237.2,0.4895,0.0000,0.4895,0.0209,0.9590,319.9,1458.3,high,
GaSb-Sn,Fig. 1,eutectic,0.0608,508.3,235.1,0.4696,0.0000,0.4696,0.0608,0.8854,351.1,1461.5,high,
GaSb-Sn,Fig. 1,eutectic,0.1022,508.6,235.4,0.4489,0.0000,0.4489,0.1022,0.8146,383.5,1461.0,high,
GaSb-Sn,Fig. 1,eutectic,0.2031,507.6,234.4,0.3985,0.0000,0.3985,0.2031,0.6624,462.5,1462.6,high,on the x=0.2 gridline
GaSb-Sn,Fig. 1,eutectic,0.4011,507.0,233.8,0.2994,0.0000,0.2994,0.4011,0.4274,617.5,1463.5,high,on the x=0.4 gridline
GaSb-Sn,Fig. 1,eutectic,0.5007,506.3,233.2,0.2496,0.0000,0.2496,0.5007,0.3327,695.5,1464.5,high,
GaSb-Sn,Fig. 1,eutectic,0.6008,506.7,233.6,0.1996,0.0000,0.1996,0.6008,0.2494,773.8,1463.9,high,on the x=0.6 gridline
GaSb-Sn,Fig. 1,eutectic,0.6971,508.3,235.2,0.1515,0.0000,0.1515,0.6971,0.1785,849.2,1461.4,high,
GaSb-Sn,Fig. 1,eutectic,0.8015,504.3,231.1,0.0993,0.0000,0.0993,0.8015,0.1102,930.9,1467.7,high,on the x=0.8 gridline
GaSb-Sn,Fig. 1,eutectic,0.9020,506.3,233.2,0.0490,0.0000,0.0490,0.9020,0.0515,1009.6,1464.5,high,
GaSb-Sn,Fig. 1,eutectic,0.9500,509.0,235.9,0.0250,0.0000,0.0250,0.9500,0.0256,1047.2,1460.3,high,
GaSb-Sn,Fig. 1,eutectic,0.9958,504.7,231.6,0.0021,0.0000,0.0021,0.9958,0.0021,1083.0,1467.0,medium,clipped by the right axis (pure Sn); halt of Sn itself
InSb-Sn,Fig. 2,liquidus,0.0034,796.3,523.1,0.0000,0.4983,0.4983,0.0034,0.9932,308.5,1802.5,medium,clipped by the left axis and top border (pure InSb); centre by hand
InSb-Sn,Fig. 2,liquidus,0.0490,794.2,521.1,0.0000,0.4755,0.4755,0.0490,0.9065,344.6,1805.7,high,
InSb-Sn,Fig. 2,liquidus,0.0975,782.1,509.0,0.0000,0.4513,0.4513,0.0975,0.8224,382.9,1824.7,high,
InSb-Sn,Fig. 2,liquidus,0.1499,769.4,496.2,0.0000,0.4250,0.4250,0.1499,0.7392,424.4,1844.6,high,
InSb-Sn,Fig. 2,liquidus,0.1978,757.4,484.3,0.0000,0.4011,0.4011,0.1978,0.6697,462.3,1863.3,high,
InSb-Sn,Fig. 2,liquidus,0.2484,743.8,470.6,0.0000,0.3758,0.3758,0.2484,0.6020,502.3,1884.7,high,
InSb-Sn,Fig. 2,liquidus,0.2982,728.6,455.5,0.0000,0.3509,0.3509,0.2982,0.5406,541.7,1908.4,high,
InSb-Sn,Fig. 2,liquidus,0.3501,716.5,443.4,0.0000,0.3250,0.3250,0.3501,0.4814,582.7,1927.3,high,
InSb-Sn,Fig. 2,liquidus,0.4001,691.0,417.8,0.0000,0.2999,0.2999,0.4001,0.4284,622.3,1967.3,high,
InSb-Sn,Fig. 2,liquidus,0.4518,676.4,403.3,0.0000,0.2741,0.2741,0.4518,0.3776,663.2,1990.0,high,
InSb-Sn,Fig. 2,liquidus,0.5020,661.9,388.8,0.0000,0.2490,0.2490,0.5020,0.3315,702.9,2012.7,medium,partly under the calculated curve
InSb-Sn,Fig. 2,liquidus,0.5483,647.4,374.2,0.0000,0.2259,0.2259,0.5483,0.2917,739.5,2035.5,high,
InSb-Sn,Fig. 2,liquidus,0.5976,632.3,359.2,0.0000,0.2012,0.2012,0.5976,0.2519,778.5,2059.0,high,
InSb-Sn,Fig. 2,liquidus,0.6472,611.7,338.5,0.0000,0.1764,0.1764,0.6472,0.2142,817.7,2091.3,high,
InSb-Sn,Fig. 2,liquidus,0.6960,603.2,330.0,0.0000,0.1520,0.1520,0.6960,0.1793,856.3,2104.6,high,on the 600 K gridline
InSb-Sn,Fig. 2,liquidus,0.7976,559.9,286.8,0.0000,0.1012,0.1012,0.7976,0.1126,936.7,2172.3,high,on the x=0.8 gridline
InSb-Sn,Fig. 2,liquidus,0.8479,529.8,256.6,0.0000,0.0760,0.0760,0.8479,0.0823,976.5,2219.5,high,
InSb-Sn,Fig. 2,eutectic,0.1488,511.2,238.1,0.0000,0.4256,0.4256,0.1488,0.7410,423.5,2248.5,high,
InSb-Sn,Fig. 2,eutectic,0.2008,512.0,238.9,0.0000,0.3996,0.3996,0.2008,0.6656,464.6,2247.2,high,on the x=0.2 gridline
InSb-Sn,Fig. 2,eutectic,0.2487,511.2,238.1,0.0000,0.3757,0.3757,0.2487,0.6017,502.5,2248.5,high,
InSb-Sn,Fig. 2,eutectic,0.2973,511.3,238.1,0.0000,0.3513,0.3513,0.2973,0.5416,541.0,2248.4,high,
InSb-Sn,Fig. 2,eutectic,0.3485,511.9,238.7,0.0000,0.3257,0.3257,0.3485,0.4831,581.5,2247.5,high,
InSb-Sn,Fig. 2,eutectic,0.3992,504.3,231.1,0.0000,0.3004,0.3004,0.3992,0.4293,621.6,2259.4,high,below the drawn eutectic line
InSb-Sn,Fig. 2,eutectic,0.4512,505.0,231.8,0.0000,0.2744,0.2744,0.4512,0.3782,662.7,2258.3,high,below the drawn eutectic line
InSb-Sn,Fig. 2,eutectic,0.4980,504.1,231.0,0.0000,0.2510,0.2510,0.4980,0.3351,699.7,2259.6,high,below the drawn eutectic line
InSb-Sn,Fig. 2,eutectic,0.5986,510.5,237.3,0.0000,0.2007,0.2007,0.5986,0.2511,779.3,2249.7,high,on the x=0.6 gridline
InSb-Sn,Fig. 2,eutectic,0.6982,505.8,232.6,0.0000,0.1509,0.1509,0.6982,0.1777,858.1,2257.0,high,below the drawn eutectic line
InSb-Sn,Fig. 2,eutectic,0.7484,510.9,237.7,0.0000,0.1258,0.1258,0.7484,0.1439,897.8,2249.0,high,
InSb-Sn,Fig. 2,eutectic,0.7986,506.7,233.6,0.0000,0.1007,0.1007,0.7986,0.1120,937.5,2255.5,high,below the drawn eutectic line
InSb-Sn,Fig. 2,eutectic,0.8497,508.1,235.0,0.0000,0.0752,0.0752,0.8497,0.0813,977.9,2253.3,high,below the drawn eutectic line
InSb-Sn,Fig. 2,eutectic,0.9937,506.2,233.0,0.0000,0.0032,0.0032,0.9937,0.0032,1091.8,2256.4,medium,clipped by the right axis (pure Sn); halt of Sn itself
