# TABULATED. Gerdes & Predel 1981, J. Less-Common Met. 79, 281-288, doi:10.1016/0022-5088(81)90077-1
# Table 1 (Tabelle 1, p. 282): liquidus temperatures by DTA on the pseudobinary sections GaSb-Sn and InSb-Sn.
#   Pt/Pt-Rh thermocouple calibrated on In, Sn, Pb, Bi, Sb, Al, Ag, Au melting points; corundum crucibles; Ar.
#   The table lists LIQUIDUS only. The eutectic halts are in the figures only (see the DIGITIZED file).
#   AlSb-Sn (third column of Table 1) is not transcribed here.
# Units: x_Sn_printed as printed (decimal commas -> points); T_K as printed (integer K); T_C = T_K - 273.15.
# Composition basis: x_Sn is the ATOM fraction of Sn. Gerdes Eqs. (12)-(14) set x_A = x_B = (1-x)/2, x_C = x
#   for section AB-C. So x_Ga (or x_In) = x_Sb = (1 - x_Sn)/2. X_AB_formula = (1-x_Sn)/(1+x_Sn) is the mole
#   fraction of AB formula units, given only for comparison with papers that use mol% GaSb or InSb.
# Read from the page image; the PDF text layer has OCR errors in this table (797->191, 777->177, 547->541).
# fig_symbol_T_K: the digitized Fig. 1/2 liquidus symbol at the same x (|dx|<=0.006), dT = figure - table.
# WARNING: for GaSb-Sn, x >= 0.10, Table 1 and Fig. 1 disagree by 11-58 K at the same x; see notes.md.
system,x_Sn_printed,T_K,T_C,x_Ga,x_In,x_Sb,x_Sn,X_AB_formula,arrest,fig_symbol_T_K,dT_fig_minus_table_K,flag
GaSb-Sn,0.00,986,712.85,0.5000,0.0000,0.5000,0.0000,1.0000,liquidus,981.8,-4.2,
GaSb-Sn,0.04,973,699.85,0.4800,0.0000,0.4800,0.0400,0.9231,liquidus,968.2,-4.8,
GaSb-Sn,0.05,971,697.85,0.4750,0.0000,0.4750,0.0500,0.9048,liquidus,,,no symbol at this x in Fig. 1
GaSb-Sn,0.06,956,682.85,0.4700,0.0000,0.4700,0.0600,0.8868,liquidus,,,no symbol at this x in Fig. 1
GaSb-Sn,0.10,941,667.85,0.4500,0.0000,0.4500,0.1000,0.8182,liquidus,953.4,+12.4,suspect: Fig. 1 pairs this x with the T of the next row down (see notes.md)
GaSb-Sn,0.15,930,656.85,0.4250,0.0000,0.4250,0.1500,0.7391,liquidus,941.1,+11.1,suspect: Fig. 1 pairs this x with the T of the next row down (see notes.md)
GaSb-Sn,0.20,914,640.85,0.4000,0.0000,0.4000,0.2000,0.6667,liquidus,927.9,+13.9,suspect: Fig. 1 pairs this x with the T of the next row down (see notes.md)
GaSb-Sn,0.25,893,619.85,0.3750,0.0000,0.3750,0.2500,0.6000,liquidus,914.8,+21.8,suspect: Fig. 1 pairs this x with the T of the next row down (see notes.md)
GaSb-Sn,0.30,862,588.85,0.3500,0.0000,0.3500,0.3000,0.5385,liquidus,893.3,+31.3,suspect: Fig. 1 pairs this x with the T of the next row down (see notes.md)
GaSb-Sn,0.40,827,553.85,0.3000,0.0000,0.3000,0.4000,0.4286,liquidus,861.8,+34.8,suspect: Fig. 1 pairs this x with the T of the next row down (see notes.md)
GaSb-Sn,0.50,795,521.85,0.2500,0.0000,0.2500,0.5000,0.3333,liquidus,830.0,+35.0,suspect: Fig. 1 pairs this x with the T of the next row down (see notes.md)
GaSb-Sn,0.60,752,478.85,0.2000,0.0000,0.2000,0.6000,0.2500,liquidus,791.5,+39.5,suspect: Fig. 1 pairs this x with the T of the next row down (see notes.md)
GaSb-Sn,0.70,689,415.85,0.1500,0.0000,0.1500,0.7000,0.1765,liquidus,747.2,+58.2,suspect: Fig. 1 pairs this x with the T of the next row down (see notes.md)
GaSb-Sn,0.80,652,378.85,0.1000,0.0000,0.1000,0.8000,0.1111,liquidus,694.8,+42.8,suspect: Fig. 1 pairs this x with the T of the next row down (see notes.md)
GaSb-Sn,0.85,621,347.85,0.0750,0.0000,0.0750,0.8500,0.0811,liquidus,653.2,+32.2,suspect: Fig. 1 pairs this x with the T of the next row down (see notes.md)
GaSb-Sn,0.90,607,333.85,0.0500,0.0000,0.0500,0.9000,0.0526,liquidus,622.1,+15.1,suspect: Fig. 1 pairs this x with the T of the next row down (see notes.md)
InSb-Sn,0.00,797,523.85,0.0000,0.5000,0.5000,0.0000,1.0000,liquidus,796.3,-0.7,
InSb-Sn,0.02,790,516.85,0.0000,0.4900,0.4900,0.0200,0.9608,liquidus,,,no symbol at this x in Fig. 2
InSb-Sn,0.04,783,509.85,0.0000,0.4800,0.4800,0.0400,0.9231,liquidus,,,no symbol at this x in Fig. 2
InSb-Sn,0.06,779,505.85,0.0000,0.4700,0.4700,0.0600,0.8868,liquidus,,,no symbol at this x in Fig. 2
InSb-Sn,0.10,777,503.85,0.0000,0.4500,0.4500,0.1000,0.8182,liquidus,782.1,+5.1,Fig. 2 symbol differs by more than 5 K (see notes.md)
InSb-Sn,0.15,769,495.85,0.0000,0.4250,0.4250,0.1500,0.7391,liquidus,769.4,+0.4,
InSb-Sn,0.20,753,479.85,0.0000,0.4000,0.4000,0.2000,0.6667,liquidus,757.4,+4.4,
InSb-Sn,0.25,742,468.85,0.0000,0.3750,0.3750,0.2500,0.6000,liquidus,743.8,+1.8,
InSb-Sn,0.30,728,454.85,0.0000,0.3500,0.3500,0.3000,0.5385,liquidus,728.6,+0.6,
InSb-Sn,0.35,716,442.85,0.0000,0.3250,0.3250,0.3500,0.4815,liquidus,716.5,+0.5,
InSb-Sn,0.40,692,418.85,0.0000,0.3000,0.3000,0.4000,0.4286,liquidus,691.0,-1.0,
InSb-Sn,0.45,675,401.85,0.0000,0.2750,0.2750,0.4500,0.3793,liquidus,676.4,+1.4,
InSb-Sn,0.50,660,386.85,0.0000,0.2500,0.2500,0.5000,0.3333,liquidus,661.9,+1.9,
InSb-Sn,0.55,648,374.85,0.0000,0.2250,0.2250,0.5500,0.2903,liquidus,647.4,-0.6,
InSb-Sn,0.60,628,354.85,0.0000,0.2000,0.2000,0.6000,0.2500,liquidus,632.3,+4.3,
InSb-Sn,0.65,611,337.85,0.0000,0.1750,0.1750,0.6500,0.2121,liquidus,611.7,+0.7,
InSb-Sn,0.70,606,332.85,0.0000,0.1500,0.1500,0.7000,0.1765,liquidus,603.2,-2.8,
InSb-Sn,0.75,547,273.85,0.0000,0.1250,0.1250,0.7500,0.1429,liquidus,,,no symbol at this x in Fig. 2
InSb-Sn,0.80,546,272.85,0.0000,0.1000,0.1000,0.8000,0.1111,liquidus,559.9,+13.9,Fig. 2 symbol differs by more than 5 K (see notes.md)
InSb-Sn,0.82,531,257.85,0.0000,0.0900,0.0900,0.8200,0.0989,liquidus,,,no symbol at this x in Fig. 2
InSb-Sn,0.85,529,255.85,0.0000,0.0750,0.0750,0.8500,0.0811,liquidus,529.8,+0.8,
InSb-Sn,0.86,521,247.85,0.0000,0.0700,0.0700,0.8600,0.0753,liquidus,,,no symbol at this x in Fig. 2
